false_positive_rate,true_positive_rate,threshold
0.0,0.0,inf
0.002881844380403458,0.043043043043043044,1.0
0.002881844380403458,0.055055055055055056,0.9999999
0.002881844380403458,0.06406406406406406,0.99999976
0.002881844380403458,0.07407407407407407,0.99999964
0.002881844380403458,0.07907907907907907,0.9999995
0.002881844380403458,0.08708708708708708,0.9999994
0.002881844380403458,0.08808808808808809,0.9999993
0.002881844380403458,0.0920920920920921,0.99999917
0.002881844380403458,0.0990990990990991,0.99999905
0.002881844380403458,0.10510510510510511,0.9999987
0.002881844380403458,0.1061061061061061,0.99999857
0.002881844380403458,0.11011011011011011,0.99999833
0.002881844380403458,0.11411411411411411,0.999998
0.002881844380403458,0.11711711711711711,0.99999785
0.002881844380403458,0.11811811811811812,0.99999774
0.002881844380403458,0.12212212212212212,0.9999974
0.002881844380403458,0.12312312312312312,0.99999726
0.002881844380403458,0.12612612612612611,0.99999714
0.002881844380403458,0.12812812812812813,0.999997
0.002881844380403458,0.13113113113113112,0.9999969
0.002881844380403458,0.13313313313313313,0.99999654
0.002881844380403458,0.13513513513513514,0.9999963
0.002881844380403458,0.13613613613613615,0.99999595
0.002881844380403458,0.14014014014014015,0.99999523
0.002881844380403458,0.14114114114114115,0.9999951
0.002881844380403458,0.14314314314314314,0.99999475
0.002881844380403458,0.14414414414414414,0.99999464
0.002881844380403458,0.15015015015015015,0.99999404
0.002881844380403458,0.15715715715715717,0.9999926
0.002881844380403458,0.15915915915915915,0.9999925
0.002881844380403458,0.16216216216216217,0.9999919
0.002881844380403458,0.16616616616616617,0.9999912
0.002881844380403458,0.17017017017017017,0.9999894
0.002881844380403458,0.17217217217217218,0.9999889
0.002881844380403458,0.17417417417417416,0.9999877
0.002881844380403458,0.17617617617617617,0.99998724
0.002881844380403458,0.18218218218218218,0.99998355
0.002881844380403458,0.1841841841841842,0.9999833
0.002881844380403458,0.1881881881881882,0.9999814
0.002881844380403458,0.19019019019019018,0.99998057
0.002881844380403458,0.1921921921921922,0.9999802
0.002881844380403458,0.1961961961961962,0.99997747
0.002881844380403458,0.23423423423423423,0.99993896
0.002881844380403458,0.23623623623623624,0.99993706
0.002881844380403458,0.23923923923923923,0.99993503
0.002881844380403458,0.24524524524524524,0.9999199
0.002881844380403458,0.24724724724724725,0.9999198
0.002881844380403458,0.35435435435435436,0.9988084
0.005763688760806916,0.35435435435435436,0.9987931
0.005763688760806916,0.38738738738738737,0.9976025
0.005763688760806916,0.3893893893893894,0.9975441
0.005763688760806916,0.4294294294294294,0.99501157
0.008645533141210375,0.4294294294294294,0.99495465
0.008645533141210375,0.45145145145145144,0.99256307
0.011527377521613832,0.45145145145145144,0.9923685
0.011527377521613832,0.5405405405405406,0.9508332
0.01440922190201729,0.5405405405405406,0.94448173
0.01440922190201729,0.5505505505505506,0.9358668
0.01729106628242075,0.5505505505505506,0.9356591
0.01729106628242075,0.5575575575575575,0.93079746
0.020172910662824207,0.5575575575575575,0.92968994
0.020172910662824207,0.5675675675675675,0.9235171
0.023054755043227664,0.5675675675675675,0.9227665
0.023054755043227664,0.5795795795795796,0.89770955
0.025936599423631124,0.5795795795795796,0.89754057
0.025936599423631124,0.5865865865865866,0.88446695
0.02881844380403458,0.5865865865865866,0.8829318
0.02881844380403458,0.5875875875875876,0.8824822
0.03170028818443804,0.5875875875875876,0.8795432
0.03170028818443804,0.5985985985985987,0.8519466
0.0345821325648415,0.5985985985985987,0.8516196
0.0345821325648415,0.6156156156156156,0.80163205
0.037463976945244955,0.6156156156156156,0.7983899
0.037463976945244955,0.6346346346346347,0.7332153
0.040345821325648415,0.6346346346346347,0.7307623
0.040345821325648415,0.6726726726726727,0.6355844
0.043227665706051875,0.6726726726726727,0.6325194
0.043227665706051875,0.6746746746746747,0.62656325
0.04610951008645533,0.6746746746746747,0.6242485
0.04610951008645533,0.6796796796796797,0.60240144
0.04899135446685879,0.6796796796796797,0.6011902
0.04899135446685879,0.6846846846846847,0.5891157
0.05187319884726225,0.6846846846846847,0.5890513
0.05187319884726225,0.6856856856856857,0.58656365
0.05475504322766571,0.6856856856856857,0.56917065
0.05475504322766571,0.6866866866866866,0.5657018
0.05763688760806916,0.6866866866866866,0.56345564
0.05763688760806916,0.6906906906906907,0.55536854
0.06340057636887608,0.6906906906906907,0.55245346
0.06340057636887608,0.6986986986986987,0.5120974
0.06628242074927954,0.6986986986986987,0.5112559
0.06628242074927954,0.6996996996996997,0.48663384
0.069164265129683,0.6996996996996997,0.4866128
0.069164265129683,0.7057057057057057,0.46443224
0.07204610951008646,0.7057057057057057,0.46378097
0.07204610951008646,0.7067067067067067,0.4610377
0.07492795389048991,0.7067067067067067,0.46102765
0.07492795389048991,0.7157157157157157,0.4207079
0.07780979827089338,0.7157157157157157,0.41441217
0.07780979827089338,0.7167167167167167,0.41158956
0.0893371757925072,0.7167167167167167,0.39514044
0.0893371757925072,0.7197197197197197,0.38713858
0.09221902017291066,0.7197197197197197,0.3828945
0.09221902017291066,0.7247247247247247,0.37093633
0.09510086455331412,0.7247247247247247,0.36808425
0.09510086455331412,0.7297297297297297,0.34574783
0.10086455331412104,0.7297297297297297,0.34298244
0.10086455331412104,0.7327327327327328,0.33434036
0.10662824207492795,0.7327327327327328,0.3313387
0.10662824207492795,0.7427427427427428,0.2943138
0.10951008645533142,0.7427427427427428,0.29360425
0.10951008645533142,0.7437437437437437,0.2928977
0.11239193083573487,0.7437437437437437,0.29233703
0.11239193083573487,0.7487487487487487,0.28207323
0.11527377521613832,0.7487487487487487,0.28125817
0.11527377521613832,0.7497497497497497,0.27964407
0.11815561959654179,0.7497497497497497,0.27711502
0.11815561959654179,0.7547547547547547,0.25808483
0.12103746397694524,0.7547547547547547,0.25788847
0.12103746397694524,0.7567567567567568,0.24948686
0.1239193083573487,0.7567567567567568,0.24844162
0.1239193083573487,0.7627627627627628,0.23312803
0.12968299711815562,0.7627627627627628,0.21914189
0.12968299711815562,0.7637637637637638,0.21591845
0.13256484149855907,0.7637637637637638,0.21092461
0.13256484149855907,0.7667667667667668,0.20374478
0.13544668587896252,0.7667667667667668,0.20256153
0.13544668587896252,0.7687687687687688,0.19716893
0.14121037463976946,0.7687687687687688,0.19132845
0.14121037463976946,0.7777777777777778,0.1653087
0.1440922190201729,0.7777777777777778,0.16495942
0.1440922190201729,0.7807807807807807,0.16346067
0.14697406340057637,0.7807807807807807,0.16319159
0.14697406340057637,0.7987987987987988,0.12209217
0.15273775216138327,0.7987987987987988,0.11669391
0.15273775216138327,0.8028028028028028,0.109529644
0.15561959654178675,0.8028028028028028,0.10905981
0.15561959654178675,0.8058058058058059,0.10723062
0.1585014409221902,0.8058058058058059,0.10592946
0.1585014409221902,0.8088088088088088,0.102669165
0.16138328530259366,0.8088088088088088,0.09783964
0.16138328530259366,0.8108108108108109,0.09661138
0.1642651296829971,0.8108108108108109,0.096577644
0.1642651296829971,0.8118118118118118,0.095831454
0.16714697406340057,0.8118118118118118,0.09537627
0.16714697406340057,0.8178178178178178,0.079751074
0.1729106628242075,0.8178178178178178,0.078521095
0.1729106628242075,0.8218218218218218,0.07598054
0.18155619596541786,0.8218218218218218,0.0690128
0.18155619596541786,0.8248248248248248,0.06578094
0.1844380403458213,0.8248248248248248,0.06535163
0.1844380403458213,0.8258258258258259,0.06446237
0.19020172910662825,0.8258258258258259,0.06416065
0.19020172910662825,0.8278278278278278,0.062161583
0.20461095100864554,0.8278278278278278,0.060448933
0.20461095100864554,0.8298298298298298,0.058674343
0.207492795389049,0.8298298298298298,0.058557723
0.207492795389049,0.8308308308308309,0.05744249
0.21037463976945245,0.8308308308308309,0.056927472
0.21037463976945245,0.8368368368368369,0.052734006
0.2132564841498559,0.8368368368368369,0.05253949
0.2132564841498559,0.8378378378378378,0.052076295
0.21613832853025935,0.8378378378378378,0.05128185
0.21613832853025935,0.8398398398398398,0.045801077
0.21902017291066284,0.8398398398398398,0.045721654
0.21902017291066284,0.8418418418418419,0.043938357
0.2219020172910663,0.8418418418418419,0.043764226
0.2219020172910663,0.8448448448448449,0.04186009
0.22478386167146974,0.8448448448448449,0.041255232
0.22478386167146974,0.8528528528528528,0.033877872
0.23054755043227665,0.8528528528528528,0.03359097
0.23054755043227665,0.8538538538538538,0.033538803
0.23631123919308358,0.8538538538538538,0.032244075
0.23631123919308358,0.8548548548548549,0.03222147
0.23919308357348704,0.8548548548548549,0.031531036
0.23919308357348704,0.8558558558558559,0.031249491
0.2420749279538905,0.8558558558558559,0.029693514
0.2420749279538905,0.8588588588588588,0.027552009
0.24495677233429394,0.8588588588588588,0.026757203
0.24495677233429394,0.8608608608608609,0.025723869
0.2478386167146974,0.8608608608608609,0.025197776
0.2478386167146974,0.8628628628628628,0.02450077
0.2507204610951009,0.8628628628628628,0.024016723
0.2507204610951009,0.8638638638638638,0.022564063
0.25936599423631124,0.8638638638638638,0.020218328
0.25936599423631124,0.8648648648648649,0.01995709
0.2622478386167147,0.8648648648648649,0.019650226
0.2622478386167147,0.8678678678678678,0.018270614
0.26512968299711814,0.8678678678678678,0.018108774
0.26512968299711814,0.8688688688688688,0.017438048
0.2680115273775216,0.8688688688688688,0.017334744
0.2680115273775216,0.8708708708708709,0.017203102
0.27089337175792505,0.8708708708708709,0.01685754
0.27089337175792505,0.8718718718718719,0.016723605
0.276657060518732,0.8718718718718719,0.016475413
0.276657060518732,0.8758758758758759,0.015405302
0.2824207492795389,0.8758758758758759,0.015118831
0.2824207492795389,0.8768768768768769,0.0148240635
0.2881844380403458,0.8768768768768769,0.014178498
0.2881844380403458,0.8798798798798799,0.011955842
0.29394812680115273,0.8798798798798799,0.011484577
0.29394812680115273,0.8818818818818819,0.011322645
0.29971181556195964,0.8818818818818819,0.0111569585
0.29971181556195964,0.8838838838838838,0.010981623
0.30547550432276654,0.8838838838838838,0.010470397
0.30547550432276654,0.8848848848848849,0.010243351
0.30835734870317005,0.8848848848848849,0.010238944
0.30835734870317005,0.8918918918918919,0.009623931
0.3112391930835735,0.8918918918918919,0.009309428
0.3112391930835735,0.8928928928928929,0.009296108
0.3170028818443804,0.8928928928928929,0.009090581
0.3170028818443804,0.8938938938938938,0.008963385
0.31988472622478387,0.8938938938938938,0.008941609
0.31988472622478387,0.8948948948948949,0.008771519
0.3227665706051873,0.8948948948948949,0.008310948
0.3227665706051873,0.8968968968968969,0.007894945
0.3285302593659942,0.8968968968968969,0.0076793586
0.3285302593659942,0.8998998998998999,0.007454139
0.3314121037463977,0.8998998998998999,0.007433782
0.3314121037463977,0.9009009009009009,0.007395456
0.33429394812680113,0.9009009009009009,0.007258736
0.33429394812680113,0.9029029029029029,0.0071309633
0.3371757925072046,0.9029029029029029,0.0070849336
0.3371757925072046,0.9039039039039038,0.006161151
0.345821325648415,0.9039039039039038,0.0059694187
0.345821325648415,0.9099099099099099,0.005298079
0.3515850144092219,0.9099099099099099,0.005150375
0.3515850144092219,0.9109109109109109,0.005089928
0.35446685878962536,0.9109109109109109,0.004992109
0.35446685878962536,0.9119119119119119,0.0048202937
0.3573487031700288,0.9119119119119119,0.0048000873
0.3573487031700288,0.913913913913914,0.0045842556
0.36023054755043227,0.913913913913914,0.004519522
0.36023054755043227,0.918918918918919,0.0041714585
0.3659942363112392,0.918918918918919,0.0039561735
0.3659942363112392,0.9209209209209209,0.0033725612
0.38328530259365995,0.9209209209209209,0.0031651473
0.38328530259365995,0.923923923923924,0.0029734713
0.3861671469740634,0.923923923923924,0.0029733386
0.3861671469740634,0.9259259259259259,0.0027904052
0.38904899135446686,0.9259259259259259,0.00272502
0.38904899135446686,0.9269269269269269,0.0027172952
0.4034582132564842,0.9269269269269269,0.0025155998
0.4034582132564842,0.928928928928929,0.0024700535
0.40634005763688763,0.928928928928929,0.002425519
0.40634005763688763,0.92992992992993,0.0022891762
0.41210374639769454,0.92992992992993,0.0022123894
0.41210374639769454,0.9309309309309309,0.0020967717
0.414985590778098,0.9309309309309309,0.0020825923
0.414985590778098,0.933933933933934,0.001965562
0.41786743515850144,0.933933933933934,0.0019291589
0.41786743515850144,0.9359359359359359,0.0018654924
0.42939481268011526,0.9359359359359359,0.0017529334
0.42939481268011526,0.9369369369369369,0.0016868945
0.43804034582132567,0.9369369369369369,0.0015991636
0.43804034582132567,0.9409409409409409,0.0014964574
0.4438040345821326,0.9409409409409409,0.0013952838
0.4438040345821326,0.9429429429429429,0.0013777897
0.44668587896253603,0.9429429429429429,0.0013652699
0.44668587896253603,0.9459459459459459,0.0013139322
0.4495677233429395,0.9459459459459459,0.0012753147
0.4495677233429395,0.9479479479479479,0.001226941
0.45244956772334294,0.9479479479479479,0.0011125082
0.45244956772334294,0.948948948948949,0.00110586
0.4553314121037464,0.948948948948949,0.0010935081
0.4553314121037464,0.94994994994995,0.0010860645
0.45821325648414984,0.94994994994995,0.0010508383
0.45821325648414984,0.9519519519519519,0.0010184267
0.4668587896253602,0.9519519519519519,0.00097345246
0.4668587896253602,0.954954954954955,0.00095498003
0.484149855907781,0.954954954954955,0.0008468352
0.484149855907781,0.9579579579579579,0.00080716715
0.48703170028818443,0.9579579579579579,0.00077654124
0.48703170028818443,0.958958958958959,0.0007299421
0.4899135446685879,0.958958958958959,0.0006950774
0.4899135446685879,0.95995995995996,0.00065335183
0.49855907780979825,0.95995995995996,0.0006273265
0.49855907780979825,0.960960960960961,0.0006097593
0.5100864553314121,0.960960960960961,0.0005538788
0.5100864553314121,0.9629629629629629,0.00053860486
0.5187319884726225,0.9629629629629629,0.0005166351
0.5187319884726225,0.964964964964965,0.0005074373
0.521613832853026,0.964964964964965,0.0004973915
0.521613832853026,0.965965965965966,0.00048518728
0.5273775216138329,0.965965965965966,0.000418484
0.5273775216138329,0.9679679679679679,0.00036860566
0.5360230547550432,0.9679679679679679,0.00033388587
0.5360230547550432,0.968968968968969,0.00031165345
0.5389048991354467,0.968968968968969,0.00030255545
0.5389048991354467,0.96996996996997,0.00028747943
0.553314121037464,0.96996996996997,0.00026515848
0.553314121037464,0.970970970970971,0.00021812807
0.5648414985590778,0.970970970970971,0.00019338568
0.5648414985590778,0.972972972972973,0.00018403237
0.5706051873198847,0.972972972972973,0.00017978562
0.5706051873198847,0.974974974974975,0.00016740785
0.579250720461095,0.974974974974975,0.0001498487
0.579250720461095,0.977977977977978,0.00014284303
0.5965417867435159,0.977977977977978,0.00012043815
0.5965417867435159,0.978978978978979,0.00011824247
0.6051873198847262,0.978978978978979,9.99854e-05
0.6051873198847262,0.9819819819819819,9.755927e-05
0.6167146974063401,0.9819819819819819,7.792771e-05
0.6167146974063401,0.982982982982983,7.69511e-05
0.622478386167147,0.982982982982983,6.990124e-05
0.622478386167147,0.983983983983984,6.692222e-05
0.6311239193083573,0.983983983983984,5.6306082e-05
0.6311239193083573,0.984984984984985,5.499726e-05
0.6455331412103746,0.984984984984985,4.353115e-05
0.6455331412103746,0.985985985985986,4.31866e-05
0.6512968299711815,0.985985985985986,3.3695298e-05
0.6512968299711815,0.986986986986987,3.1486237e-05
0.659942363112392,0.986986986986987,2.9871915e-05
0.659942363112392,0.987987987987988,2.9458828e-05
0.6685878962536023,0.987987987987988,2.468088e-05
0.6685878962536023,0.98998998998999,2.0983938e-05
0.6714697406340058,0.98998998998999,2.0321051e-05
0.6714697406340058,0.990990990990991,2.0272271e-05
0.6829971181556196,0.990990990990991,1.8650751e-05
0.6829971181556196,0.992992992992993,1.5092243e-05
0.7118155619596542,0.992992992992993,1.2044287e-05
0.7118155619596542,0.993993993993994,1.1892167e-05
0.7521613832853026,0.993993993993994,4.3488685e-06
0.7521613832853026,0.994994994994995,4.272155e-06
0.760806916426513,0.994994994994995,3.362863e-06
0.760806916426513,0.995995995995996,3.2923454e-06
0.8270893371757925,0.995995995995996,5.4171926e-07
0.8270893371757925,0.996996996996997,4.797464e-07
0.8443804034582133,0.996996996996997,2.7794397e-07
0.8443804034582133,0.997997997997998,1.8434487e-07
0.9654178674351584,0.997997997997998,3.338913e-10
0.9654178674351584,0.998998998998999,3.30673e-10
0.9769452449567724,0.998998998998999,3.4406183e-11
0.9769452449567724,1.0,1.8344784e-11
1.0,1.0,6.6942796e-14
